device_globalid,servicecomponent_globalid
43cad8b22425bf8799a418271f3c2417,46f306668518c95096b73fbc76324047
418cb1b12abe0894b6da89d4f35bbde6,48b2b5e0e38048de8dd9da03825a4d02
47895ad0ccaa5087bd365f0a98367d50,4fe0104571c9b11ca41a1b30fbc42f28
4324f92742cb4cde93fddd6d8a7fd84e,4fe0104571c9b11ca41a1b30fbc42f28
4faafa7b65169ccc876e79ac6774790f,41d6545db82167af9ce2528ed63fa468
4125e6452ce1c845821ba9cab60d937e,4fe0104571c9b11ca41a1b30fbc42f28
4dffdaadef8df43b94e046554b364a40,48b2b5e0e38048de8dd9da03825a4d02
44c710b3ab9bed3f98cb6545b60f74dd,48b2b5e0e38048de8dd9da03825a4d02
4303113b4e046e14924b5b5fd8898633,4d881d56da051916848dc2ef2c5e2911
41b0970f09b9ef12a0687ccd91a80f4d,439a239ec4e6b7bda462ead9769c4739
49b376b7b6ada7d788104890040f3ec6,402949d9214c4d4fb3a6b26f2924a7a0
40de3b98b8daeb94b96ad36a10f1f484,40d071fdee3b145f9ce258a29f686ed9
4b7476f8c089e75ba1f19e6fab8a561d,4d589285d3b36256a13f3b60b2aa430d
4f8f1419be079622a6cf40f06b1b6f35,4fe0104571c9b11ca41a1b30fbc42f28
4c9fc1899e68ec49adbf94b1a6f16173,4fe0104571c9b11ca41a1b30fbc42f28
44ce1874ae433294add4114ed04edeb3,47495666d3426c71b8464437141d76be
4b07735772a2ea38a6cb7405ba2f92da,4b7c1c95f962a4eca773a080327eb7f2
42ac5be8c4fcb11abe3287895c3000ef,4a6f5f16351179de84e1dfba6ffdfd84
4cf3ab3435ccabec9668c655c0cf7606,41d6545db82167af9ce2528ed63fa468
4379fc41a30f4d609297b8290399a5b5,46c0b208d71a3fe79d4bd1ad18b6a79d
425a3cc1054e3b1caf506fa97d60b916,48b2b5e0e38048de8dd9da03825a4d02
4186b5e1d91daa71bd160033b7daa5f7,48b2b5e0e38048de8dd9da03825a4d02
4e91936c1a3feb79b5772438514518b1,4d8a78a2c30ff4e4b914964268bda09f
4ec5b616c4ff4c30a5d05c7883cfa540,46721cbd6731e941bd20100971ce4963
42309716051e1c49a04a314545015593,4b7c1c95f962a4eca773a080327eb7f2
45e0c778021829ff805abb96ddc4e8af,4af17220851dfcd1a91dc4e1064f6a32
4e11c17f283422b8b399eaae03497d45,4db90b6ae4c320f7966b16f52780fe93
44891a428254324898e42c8538de5a99,48b2b5e0e38048de8dd9da03825a4d02
475b49f203f85295b1cd08a423bc2f04,4fe0104571c9b11ca41a1b30fbc42f28
4cd8c2de40e3f2babd4406d97e63b25e,4d56470f6d895391846455e940fce9de
434573b33dac66a29eb99828e46c0f82,439a239ec4e6b7bda462ead9769c4739
470682249df4f254a593108cbbc2786f,4a6cb2adcddb27a1b76e661557a6e71c
4dbbb60f41a27f0f9b0e66cfb80ebe4d,439a239ec4e6b7bda462ead9769c4739
419d23a5f3039aee853e3b9039f429b7,4af17220851dfcd1a91dc4e1064f6a32
43acc9beef5427a3affa4ae930cfc3da,4dd289e982f81b08acec0688affce79f
4219b5817ef09cb3a33a56e748fb57fd,46f306668518c95096b73fbc76324047
40b593d757bcfc41856391f8758ec587,4b7c1c95f962a4eca773a080327eb7f2
47fafbb5e7b5e40dbe4fa6658dcad50a,4af17220851dfcd1a91dc4e1064f6a32
461f395182b60c179a4f7d017a9fbcb0,48b2b5e0e38048de8dd9da03825a4d02
425dc41f86dfe141a59bf0029df7221e,4fe0104571c9b11ca41a1b30fbc42f28
4bd417cc5242b228baeff52c75a59fe3,40bf02cd613c5a7693a5971b94428196
48a9a649f8e1945d979f32dfb1000a04,4b7c1c95f962a4eca773a080327eb7f2
4d354f09d1eae4af8c60d14a9f6344e7,4150ef05dddac6a3bc291e8a61e2fe77
40e8cb93b669df60ad374385dc9c8c8f,439a239ec4e6b7bda462ead9769c4739
4f38190ddae90b608d68d8985d879623,4b7c1c95f962a4eca773a080327eb7f2
45a5aa919b6cc17fa6dd813dcf15b5a7,4dd2f0db003d24a7a965e0b37ce2cc11
48cda17cb3127a18927b65d6e4faa44b,4db90b6ae4c320f7966b16f52780fe93
4d5b1aef6f6312e5a3d458b7f8d811f9,4fe0104571c9b11ca41a1b30fbc42f28
40f3eec4e59e6ba4ba1e4f0a011f9236,4fe0104571c9b11ca41a1b30fbc42f28
4d82556faf7beca58f2fbb5ebcde590e,439a239ec4e6b7bda462ead9769c4739
4273eb6506151377aafa053b2475dcc9,4fe0104571c9b11ca41a1b30fbc42f28
4a4beaf5916028efaec1123b373e6073,4a6f5f16351179de84e1dfba6ffdfd84
4d578d774964747087750b87e13df0f2,4af17220851dfcd1a91dc4e1064f6a32
43bf122067392116ba26ca07aabd500e,47d489e637e1c35ebff0a9eeaddc51fc
4b6182e75ea3c3c99be650bc248b56d9,4a6f5f16351179de84e1dfba6ffdfd84
499d00df4547070db5614a08c36e52af,48b2b5e0e38048de8dd9da03825a4d02
458a5b69f359af95a4c649c63fc914e5,48b2b5e0e38048de8dd9da03825a4d02
4cb96f8e84d52e31a855394c8bfb8957,4be9971b9aae76aca03314f43bc5e226
4ba8f2afd19558f1bd48af50f3da0a10,439a239ec4e6b7bda462ead9769c4739
46aac1760516bdbf8021df15f57a38ad,416ca7a5e97055888aa8962eea8eac49
45636e7eaee1853a9711a993aed679ac,4b7c1c95f962a4eca773a080327eb7f2
48d8281008187f84bd06e97e37c228e6,48b2b5e0e38048de8dd9da03825a4d02
4d88e3b29e63ccd58934ae3758861950,4aa3e2961e695078a28ac25deef0cde1
4bc2fd8e69f79aaaa39a0ad180268eec,48b2b5e0e38048de8dd9da03825a4d02
47d4e6c9aa23992ba9f78daf0b7f6f67,45370daf1b10288c89e397ec4980ce16
46cbe4690b29c44e8b24a5c151838759,4fe0a798c6c45febaf42a2c982138538
4e1a996df0f34c8ca123525362cc0dd1,439a239ec4e6b7bda462ead9769c4739
43c8630e59639703830d676582269755,4fe0104571c9b11ca41a1b30fbc42f28
47c6a91c97674f1a87c5395e4792be5c,4fe0104571c9b11ca41a1b30fbc42f28
4d25e5d369a616dbb86a112344f96e07,4dd289e982f81b08acec0688affce79f
4e8d6cb934949a21866d4cfcdda352bf,4a6cb2adcddb27a1b76e661557a6e71c
417f829b669523769aec08ba05fdf7c1,4fe0a798c6c45febaf42a2c982138538
4cb19b91cfcc7ae989301b994954a105,4b7c1c95f962a4eca773a080327eb7f2
459117fee5e0d821b1b13809db867a10,4b7c1c95f962a4eca773a080327eb7f2
4e713bb250ef823698b061aff0da7459,4edb8772ab4bebe4bc4ebbf3e75551c5
48f4bcd1f7f9bb65bef0be7491514af7,45a5b1057e80abc293cbfe82092c915e
4032d52dd3f0aefeb8f6fdc9c0f870c1,4feda6b3f61ee3c8bec730c1a808816a
4f21c060f408bc539ab0dc57b4366976,4fe0104571c9b11ca41a1b30fbc42f28
47d576e89a79f3eca0241cc348835718,4fe0104571c9b11ca41a1b30fbc42f28
42674a89a73292418849f640f24cebc5,4d9992e850ef9c81a73fc1a42bc4e651
40c4c9cfe72866b785087e910f45d1eb,4d881d56da051916848dc2ef2c5e2911
4d050c42d1afffc6826ba389d427fcd2,4a87925b32d4b6a795e3d7967d0c0359
4f9c5c35311e269391ba7045cf667502,439a239ec4e6b7bda462ead9769c4739
403af27acd3bc7d59bf6dd1dd4bcf9c3,4af17220851dfcd1a91dc4e1064f6a32
40235f4a1d96e775987834df6988181f,4db90b6ae4c320f7966b16f52780fe93
408a1e50b6c5a2b6a1153310d73c9d24,439a239ec4e6b7bda462ead9769c4739
4cdd9f1668ff8046b1689b3525cf7960,439a239ec4e6b7bda462ead9769c4739
41b0970f09b9ef12a0687ccd91a80f4d,49f2c825d3563da6898a3431936e3c83
4eb20f4f38e69691ae216706f457171f,4c7361f24c047008b55e8b05025b9b23
45a40db14431b881b480622735288ef0,4af1436f3126554cba4cb49386a9b8ce
4ce2108674ee400b8bbedba317773a26,4b7c1c95f962a4eca773a080327eb7f2
4c3d84bd3ada5494b40b9600c38b77fb,4b7c7dd17b31845f8e618a79adc5eaef
4f3a40f48cac41028c55cd7ad1f098a8,4af17220851dfcd1a91dc4e1064f6a32
41ee5ea91b631ddb8256fe76e6c3b159,4fe0104571c9b11ca41a1b30fbc42f28
440698e211ebe0309d6d9e5c2752df2f,4b7c1c95f962a4eca773a080327eb7f2
455b70fc2f21fe4d87ff42700100bd0d,4150ef05dddac6a3bc291e8a61e2fe77
49bbdf53e19eee6fb0ce9c0d2fe06771,4d8a78a2c30ff4e4b914964268bda09f
4f42828a07a1f635a351ee89b6f2bd26,478b82716a929401a937459d93cbd2c3
4ccbde40d22a4dfda3460c43b0585f6f,48b2b5e0e38048de8dd9da03825a4d02
4ba8f2afd19558f1bd48af50f3da0a10,4d8a78a2c30ff4e4b914964268bda09f
4bfe8b8f550ed4a997c159375fb44bf6,4a6cb2adcddb27a1b76e661557a6e71c
46e79bb3e2f986b59b4d5d0c9508198f,4d8a78a2c30ff4e4b914964268bda09f
4d746c64c26e6f07818670b3ff3405b3,4aa3e2961e695078a28ac25deef0cde1
4a9764b8b6b487148579f30f6bf0537f,4d8a78a2c30ff4e4b914964268bda09f
4a9d6a8753a081daa66ded721b878d84,4d8a78a2c30ff4e4b914964268bda09f
47736c59b8f2544e93cf3d2764bf296a,41d6545db82167af9ce2528ed63fa468
411e3a48c719327db019fcf445e183d1,439a239ec4e6b7bda462ead9769c4739
436f16be8bd6f8ceb1a9d347ed933830,48b2b5e0e38048de8dd9da03825a4d02
4e6a27c1e54fac4b864fdceb5270dc11,478b82716a929401a937459d93cbd2c3
4d41aab517fbd52492b8ae86b60c7e9a,47495666d3426c71b8464437141d76be
447d980f43d36f91b53e2fef8fe041e1,4106229d486231498c9f13063df62b36
483b16e1527b82bfb88930d3bad692c1,4fe0104571c9b11ca41a1b30fbc42f28
4e1461eb0c9ace8d948137c368c74a89,48568ab85db82e968d0215bb1027b387
4f6416499738931f9ffe332048d89aa3,45a5b1057e80abc293cbfe82092c915e
43b91cc64f55cf3ab2baf17ec3d5cdd2,4b7c7dd17b31845f8e618a79adc5eaef
47bf1b871cdfafe5b072d410a0e13875,4d56470f6d895391846455e940fce9de
4456f099a88404b5bff7ec3d50a8463c,4b7c1c95f962a4eca773a080327eb7f2
450169c6d7dc55dc83a18e494be4be3c,4fe0104571c9b11ca41a1b30fbc42f28
430d1ca5ef2841919de23790cdab7659,46f306668518c95096b73fbc76324047
42aee042f22fc71e8ed6473b1850facf,48b2b5e0e38048de8dd9da03825a4d02
41e987a3cdbf3ffcae7bd0d6a401fd8c,4fe0104571c9b11ca41a1b30fbc42f28
472a981bcee4af2096a3fa7d40238fc5,4fe0104571c9b11ca41a1b30fbc42f28
4ccfba854822f3a3bc302679bf676f35,4fe0104571c9b11ca41a1b30fbc42f28
47f6248ebc8515139a5abbc393417e89,4b7c7dd17b31845f8e618a79adc5eaef
498c74cee01f07f683b6c11bfd6516bb,4fe0a798c6c45febaf42a2c982138538
4964b6604adcdcf7857d1ed272ef265a,4b7c1c95f962a4eca773a080327eb7f2
47ae34848f9275acb2eed62cb78ab9ac,48b2b5e0e38048de8dd9da03825a4d02
4a3ca0e98f9c2d28968160c2a40e17b8,4db90b6ae4c320f7966b16f52780fe93
421b6b2ac292ae63987cf22c044e1326,47d489e637e1c35ebff0a9eeaddc51fc
4dc07d72322b2b2e839b71b1a6fea799,4b7c1c95f962a4eca773a080327eb7f2
4f88f34b0effd2eeb603f228ed3831dc,4dd289e982f81b08acec0688affce79f
4810f6868caf5c60b9c34980d7d37b13,4fe0104571c9b11ca41a1b30fbc42f28
423a7e2d1ff6010ab8cacabf37633ef9,47d489e637e1c35ebff0a9eeaddc51fc
42388c80f0756111b30873a458242d34,439a239ec4e6b7bda462ead9769c4739
4fda52c765906a1f9419e94d346498ef,40bf02cd613c5a7693a5971b94428196
4eceae13730fd327836466774dcac0b5,4c9520e39ddce949af705ca803099aa4
48e6c0c0ffe1e697ab4d5c92d82cffe9,45a5b1057e80abc293cbfe82092c915e
421a75f95480d500b585240276fc895c,4fe0104571c9b11ca41a1b30fbc42f28
43103fade7ab6d0bbbce9dbba552cf94,4d8a78a2c30ff4e4b914964268bda09f
4d19f419b26b43a6bc9d2036d9c8a8b0,4a6cb2adcddb27a1b76e661557a6e71c
45ac4445e5897d1abdeb902538ca4f09,478b82716a929401a937459d93cbd2c3
4679e7e4146eac6db821078fb843eb43,47d489e637e1c35ebff0a9eeaddc51fc
47f4380f29696f06871cd2ac1ec1e0ea,4feda6b3f61ee3c8bec730c1a808816a
459a4afe6a837851b84df832c0d112a0,4d8a78a2c30ff4e4b914964268bda09f
418a1facf402935287346d2240345a19,4dd2f0db003d24a7a965e0b37ce2cc11
431fef0e4cd014a0a0f55ece285c7cd5,45a5b1057e80abc293cbfe82092c915e
47bb7061095d4886a136d80edd3ef2c6,4b7c7dd17b31845f8e618a79adc5eaef
403728883486fe49a4b9475e8309dbc2,47d489e637e1c35ebff0a9eeaddc51fc
47d4e50baa369ad6b9ab1361272b663e,48b2b5e0e38048de8dd9da03825a4d02
4c3ceb7b8e70c112b77e288ff2101ff4,4fe0104571c9b11ca41a1b30fbc42f28
4e4054fccea63a369433da866c5d00ec,4fe0104571c9b11ca41a1b30fbc42f28
4bbbf6d52808491583e1cc3fdf8a1285,4a2571b815417b46860794b92ea890e1
4f4ba38c411fc55db9bd3125d7560f3d,4fbe35cba54e5a72a78c08013fa153da
40fa220e5b9a245387d9b58f46973731,4d881d56da051916848dc2ef2c5e2911
44c5c11038bbf97b85d6ad50461b1c8b,45a5b1057e80abc293cbfe82092c915e
484fadeaef1be90b9f43cfefd6676e5a,439a239ec4e6b7bda462ead9769c4739
4980855872fbb80cbee2d71067c18f44,48b2b5e0e38048de8dd9da03825a4d02
43c1e5931ece8819a9c9ef578ce5922c,4fe0a798c6c45febaf42a2c982138538
4a02e58848fd20e1ac77383743ee0d91,4fe0104571c9b11ca41a1b30fbc42f28
436afbda8453444eb731b8246b1e35d8,4fe0104571c9b11ca41a1b30fbc42f28
4f25ec4ab4440eb5bca66a5d72434e3e,40d071fdee3b145f9ce258a29f686ed9
4c8869f3bcd8a940950f981748728dc2,4fe0104571c9b11ca41a1b30fbc42f28
4da56478d4551e06a4f6f17eec757e6e,4150ef05dddac6a3bc291e8a61e2fe77
487b01e0ad9a98c2aa4e1fc1673bd0b1,46721cbd6731e941bd20100971ce4963
47753ab93843159eae9ad134c5b72591,4b7c7dd17b31845f8e618a79adc5eaef
4f684b56ff590a4f98118c158c4f96fa,4fe0104571c9b11ca41a1b30fbc42f28
425e8d1eb6659b499a147d58db9bed78,4fe0104571c9b11ca41a1b30fbc42f28
4a288f5bac7ff2a283553ba5cab7ae49,4feda6b3f61ee3c8bec730c1a808816a
44cfe9e0ad934872939277a589b8a134,48b2b5e0e38048de8dd9da03825a4d02
4ee56d5bb6229acdbf01810cc364b400,478b82716a929401a937459d93cbd2c3
4b9b5494f1ce73e6a196c263286a61d8,4fe0104571c9b11ca41a1b30fbc42f28
465b56bb8a61a7b0b06a4600e3f1d5d5,4c6042916c1853df92ea09919ff503da
47251175c8cb9396927d335c67dd15b4,478b82716a929401a937459d93cbd2c3
4f69978a01c4315c8976f93e57148207,4a2571b815417b46860794b92ea890e1
482dffc3c2123bc79dda1560b5204d8c,4e0346f0d0c645178768e07eb79c76b2
4893fd564f98a6289c746983000800da,47d489e637e1c35ebff0a9eeaddc51fc
4f4ba38c411fc55db9bd3125d7560f3d,46792e8ea760b33296106c8c1e12762b
4b05d0b63aae20fdb2c65e1533f9ac70,4fe0104571c9b11ca41a1b30fbc42f28
44b47b052232ba75ae0fe7a695e5fb45,4fe0104571c9b11ca41a1b30fbc42f28
422e2573c1fce299a7cd4ac54d3b0c16,4150ef05dddac6a3bc291e8a61e2fe77
46c95bb784d6ea4bacae49085e774c55,48b2b5e0e38048de8dd9da03825a4d02
46e0df2199a538e8b2d3f771986845f2,48b2b5e0e38048de8dd9da03825a4d02
4eb345cccb79ca35a7afae08644cd766,4fe0104571c9b11ca41a1b30fbc42f28
4f4e7ad6f18686eea4d86d4504661d09,4c7361f24c047008b55e8b05025b9b23
4cb28fa840ba410dbd7b6157d97791f0,4b7c1c95f962a4eca773a080327eb7f2
438564d87bb22260bf75ed59c89e3c61,4a6f5f16351179de84e1dfba6ffdfd84
4ad5d6949917e64f9f00d8f6d9ca7c06,48b2b5e0e38048de8dd9da03825a4d02
4b1849a92091ac6bb9ebfee489cecffc,4454e78a9fc928f3a710c3285c29ccb4
496a615723a3895388b1b00ecc5b8785,4b7c1c95f962a4eca773a080327eb7f2
44a013477a21ea14be507d2ca96740ac,48b2b5e0e38048de8dd9da03825a4d02
4254cb087360c78aa4859ff200fc175d,48b2b5e0e38048de8dd9da03825a4d02
4185dd8cf7e0382fba932018a3943e43,42910e1fb9bcf162b81efe8c218a7b3a
4643a6cbdbb55a398c08962184a1ab25,4b7c1c95f962a4eca773a080327eb7f2
40ff5ead429e928cb09c0cf60bc4b6d3,4d8a78a2c30ff4e4b914964268bda09f
46a6e00605cea4d8b8e001e71c539c83,4150ef05dddac6a3bc291e8a61e2fe77
4e206f5b70457d4c9b775ce96a3b9efe,4fe0104571c9b11ca41a1b30fbc42f28
45c54910777a499ba75a7a24b38fdff7,4fe0104571c9b11ca41a1b30fbc42f28
481b869ec1c0880f8790bc0feaa0fe97,4fe0104571c9b11ca41a1b30fbc42f28
4a1481c6caa08b57a649c163678a4e85,4d881d56da051916848dc2ef2c5e2911
46a3e754bf60bdc7b2a2f41c3563a1d9,439a239ec4e6b7bda462ead9769c4739
4ee34a7d1c2f0e5398c266273e75bdce,4fe0104571c9b11ca41a1b30fbc42f28
477f828d5a8d2ddcb900d6a67a832ca6,4a827064256f7d8cb866921a80841e0d
485158f22a50586082199e7f95e90bb0,4b7c1c95f962a4eca773a080327eb7f2
46d1112e7bab42bc918ad86ec52ff36e,439a239ec4e6b7bda462ead9769c4739
446b14862f171ac1baf2ca7520f02153,439a239ec4e6b7bda462ead9769c4739
4a0961605f991bb4b85f5aa0f7dbb6b9,4fe0104571c9b11ca41a1b30fbc42f28
4697f1469016d2b980b2388d8c11e82e,4fe0104571c9b11ca41a1b30fbc42f28
4402766c7a3b4c229e212d2677df6b11,4d8a78a2c30ff4e4b914964268bda09f
4eb425a2060b7293804c9d314937b351,4db90b6ae4c320f7966b16f52780fe93
473621cf22bc28a39f2aec17ff5ff944,46721cbd6731e941bd20100971ce4963
4c8aeaf25104e1889c32a0f772c5ab6a,439a239ec4e6b7bda462ead9769c4739
4b32a50320100267b3dd815da64f82f3,4c7361f24c047008b55e8b05025b9b23
457992c705f9905f929aeb5de9b0de79,40bf02cd613c5a7693a5971b94428196
4405e47c30957571a3c283e93bd3833e,49f2c825d3563da6898a3431936e3c83
41fe2635ebd446d2b278ff70ad4431f9,4fe0104571c9b11ca41a1b30fbc42f28
4f870351d1860b80a2008a5caeefc75a,4fe0104571c9b11ca41a1b30fbc42f28
48fdc4ac23fce13b82df21d58d3f6cfd,4d881d56da051916848dc2ef2c5e2911
4e72dd793aed62a39ab7dfe6268dd0c8,48b2b5e0e38048de8dd9da03825a4d02
451eda0a7ca06e199f9a2d3b5f69b203,48b2b5e0e38048de8dd9da03825a4d02
4cb96f8e84d52e31a855394c8bfb8957,4dd7eea0a11ac210b00756338e014f80
44b35ae1db59674ebcc489b44d268ee4,47d489e637e1c35ebff0a9eeaddc51fc
415edfec49777b80b5b15ece78a72307,4fe0104571c9b11ca41a1b30fbc42f28
45848044c1c82340ab5f828ca9c2aa87,4feda6b3f61ee3c8bec730c1a808816a
4545252449ed9202af03816233e80051,4fe0104571c9b11ca41a1b30fbc42f28
4fbcf5608c049fc49873981b85354abb,4af1436f3126554cba4cb49386a9b8ce
41219c23fa63280188662f585f08c420,4fe0104571c9b11ca41a1b30fbc42f28
4c19527a5264bf2e8fbd088483cc4f60,4af17220851dfcd1a91dc4e1064f6a32
460cfcb1d98023788d7798d8c6d6c961,4fe0104571c9b11ca41a1b30fbc42f28
45f475e41afd569188a719dd7f60508f,49f2c825d3563da6898a3431936e3c83
42eff6839a2b706cacbd825aa0e8aac7,4a5788707c9043199e6e83c358d45b08
42b9e000b0bb5e078444a8ea069cadae,4b7c1c95f962a4eca773a080327eb7f2
4410686b47e606c6a3f17f3facad3522,439a239ec4e6b7bda462ead9769c4739
4d0384cb5b8561bca612ddbb4e738b6b,40c7a93a26ce4648b0bafbf5650e98b8
48c740617941b663b851f7d5f2be64d2,4d8a78a2c30ff4e4b914964268bda09f
4d74d5b3e9a22fa5bce397d252cbc5bd,4150ef05dddac6a3bc291e8a61e2fe77
4d354f09d1eae4af8c60d14a9f6344e7,40b87ce77cbf8bb1b772d8b36f5f6395
48189605142a2875a675ad49d65ff41d,48b2b5e0e38048de8dd9da03825a4d02
4c556ef149c9d88b9cc049cc9ced567c,4c7361f24c047008b55e8b05025b9b23
43d1cb785d416690b5ea64d414b2571d,4d881d56da051916848dc2ef2c5e2911
4b9b8c43d968ae9b888a8cfb15ba0b5e,4fe0104571c9b11ca41a1b30fbc42f28
49e1b56348238c5bbe5655d7567d7bd8,4b7c1c95f962a4eca773a080327eb7f2
4873fad31cd5f8d09b45214329c82caa,4d881d56da051916848dc2ef2c5e2911
4e7428860553e84e8017b3a292dff747,40d071fdee3b145f9ce258a29f686ed9
4f72d3ffe1839f03a5490c32093fb555,4db90b6ae4c320f7966b16f52780fe93
4f891eec530bc2b18da13f1f90a9c184,4fe0104571c9b11ca41a1b30fbc42f28
4d68cc4a07d24f879ea412094c2b762b,40d071fdee3b145f9ce258a29f686ed9
46ad083abe27cc7880509175be200967,48b2b5e0e38048de8dd9da03825a4d02
4f4cf79ada88ffae90d493a0e23cb4a7,40d071fdee3b145f9ce258a29f686ed9
412d22c0905d4046ae601949e7aa0677,4b7c1c95f962a4eca773a080327eb7f2
47c83dcfc42c422c960eb1e375d3f0be,4af17220851dfcd1a91dc4e1064f6a32
4b0527acacb872bb89eb358ea6248130,4a6f5f16351179de84e1dfba6ffdfd84
41c76534bfc65bf2adcf6bff9dcfbfbf,46c0b208d71a3fe79d4bd1ad18b6a79d
4c2cda094443fdd9be8d62038a7f3c52,48568ab85db82e968d0215bb1027b387
46be00248763ee68a3a97722362d86cc,4fe0104571c9b11ca41a1b30fbc42f28
45453c20ee9d62c2acdcea42e4d7f481,47b8b2aa9c3243608c70e9436a069c74
4bcb5ffa11e185a0ba12696d0f3bda8d,48b2b5e0e38048de8dd9da03825a4d02
4a114f4a1a7bd25dae5c07e9a423c397,48b2b5e0e38048de8dd9da03825a4d02
4eead5117add666590219358fc2e6e44,48b2b5e0e38048de8dd9da03825a4d02
4076ebf55139a8878647c3c86e886a70,41d6545db82167af9ce2528ed63fa468
469832e59fb13dbdbe2bfae3a1d51303,4e2d3cb456e810aeb403fc7dbab713be
4ee9cd15d8b19b759c5a8ce39bbce309,4feda6b3f61ee3c8bec730c1a808816a
4a252b79beae0dadbb20b8b4d7752fac,4d881d56da051916848dc2ef2c5e2911
4ceea1b7f81c5d759cddfb1e8ec76444,4ef23e843a2b7a9983741a192dd7eac1
446f3f455a45b633a9ad987770d76f0a,45a5b1057e80abc293cbfe82092c915e
4d1c7178788746d48a45f15c40d67249,439a239ec4e6b7bda462ead9769c4739
494ec79ef31deeaeba6a1ac2eca0c6c2,4fe0104571c9b11ca41a1b30fbc42f28
448e660dc1d682a09e299b3fbe26ccd7,4150ef05dddac6a3bc291e8a61e2fe77
4ce1f218e4f97dbc9079d18d7cb84a26,4db90b6ae4c320f7966b16f52780fe93
4007b5056ed196b49ece9849b13d6182,48b2b5e0e38048de8dd9da03825a4d02
47fc919aab3aa99bb0275556c84cb8e4,4b7c1c95f962a4eca773a080327eb7f2
4ca6a4b09b16224ea0ad9220f8f42a98,4a6f5f16351179de84e1dfba6ffdfd84
430399a9eeed996cb3f9cafcf31824e0,4c7361f24c047008b55e8b05025b9b23
4eceae13730fd327836466774dcac0b5,4d8a78a2c30ff4e4b914964268bda09f
48b662b90409f7f1be759a40476be559,4d8a78a2c30ff4e4b914964268bda09f
4d9cc2f9318aa099b68e1909ca65517e,4d881d56da051916848dc2ef2c5e2911
4bf82b4a5fab2db8917bc847f1f7d0a7,4a6f5f16351179de84e1dfba6ffdfd84
443c2c14758e362c8dbc688791615844,4d589285d3b36256a13f3b60b2aa430d
465b22c74c186842b8c95b22589f0ff9,4150ef05dddac6a3bc291e8a61e2fe77
4591bd108fdbfaabb889905394bd8c4b,47d489e637e1c35ebff0a9eeaddc51fc
484f6e27b1046ce1974a4c033e365432,4b7c1c95f962a4eca773a080327eb7f2
42e2d76179acb7b79ac4902ebe78bc02,4db90b6ae4c320f7966b16f52780fe93
4c992597c1e2e936908dcdf451c0a611,45a5b1057e80abc293cbfe82092c915e
4bf8ec3f7a009ac99b60e79813eda839,45a5b1057e80abc293cbfe82092c915e
455a2dde50f3d30093cff468b891c7a0,46792e8ea760b33296106c8c1e12762b
473af26020db529ba67f60c902f31b64,4b7c1c95f962a4eca773a080327eb7f2
4554c8739eb63a1d80f9bf3b8dee3bc2,4fe0104571c9b11ca41a1b30fbc42f28
49eaceebf72e73b498a3bfe498e750ee,4b7c7dd17b31845f8e618a79adc5eaef
44c4aff1dae235faad5dd47451e03049,439a239ec4e6b7bda462ead9769c4739
4a52d4067a0a001bbcc0bd21ea3b1033,4d8a78a2c30ff4e4b914964268bda09f
4d66a9d9610ac329b9850552233069aa,4a5788707c9043199e6e83c358d45b08
41fad9e4a80806fa8240d9708679ed5e,4fe0a798c6c45febaf42a2c982138538
49e38dd12f85640c9fc42fdcee8a48e6,4d881d56da051916848dc2ef2c5e2911
4649528befe3669fb98059532d29c56a,40c7a93a26ce4648b0bafbf5650e98b8
4db9905d5c40421dba6f3599eb0c1d04,4fe0104571c9b11ca41a1b30fbc42f28
462f76fee315e21ba55cce26c4cc34e9,439a239ec4e6b7bda462ead9769c4739
4bc195ebaccd3485b53103b8038657ca,4a6cb2adcddb27a1b76e661557a6e71c
4243e1ac7ac9cd5888d2f6dc032c3335,4db90b6ae4c320f7966b16f52780fe93
4c430bb1f584614a9a97f3e2230c6dbd,439a239ec4e6b7bda462ead9769c4739
4b3e3ac4e0227b7fb6427b66040d517e,4b7c1c95f962a4eca773a080327eb7f2
4405e47c30957571a3c283e93bd3833e,439a239ec4e6b7bda462ead9769c4739
4795dc80065f2caa9fcfd28c24af9040,4b7c1c95f962a4eca773a080327eb7f2
43bf5335fd5317cfa423f74d1cc66c75,48b2b5e0e38048de8dd9da03825a4d02
446ff4c5138d38899840c92248d0fe26,4fe0104571c9b11ca41a1b30fbc42f28
455dd0ffef9bdd78a1fa2b730aa980a3,48b2b5e0e38048de8dd9da03825a4d02
4953b8a24c8b8d5dbefd19820aa8f095,48b2b5e0e38048de8dd9da03825a4d02
450489e7dc30accf84f80c0892e24759,4fe0104571c9b11ca41a1b30fbc42f28
4f32a3463e834f1dbab78c2e5434b656,4b7c1c95f962a4eca773a080327eb7f2
4e539cacea2fe34b983b0025eadf4716,4b7c1c95f962a4eca773a080327eb7f2
4750dfb6d2a901a3a83c840a76849f3a,41fb05fadcafbf56a824af28c7fe10d4
475d25e69a0302ee95a358f3a60c8e28,47d489e637e1c35ebff0a9eeaddc51fc
4508d42a8bced1d5b285852b518cb4f9,47495666d3426c71b8464437141d76be
49bbb78f653f14eca614bfac181f571b,48b2b5e0e38048de8dd9da03825a4d02
409f165e3295bc9eb34365a60bbb6007,439a239ec4e6b7bda462ead9769c4739
4a43eab46460205cbe59be93679469ff,4fe0104571c9b11ca41a1b30fbc42f28
426cff6050c7faa6a8bb20945bba7d4a,41d6545db82167af9ce2528ed63fa468
44597f9e9d7041d2a80581c5e94444b8,4d8a78a2c30ff4e4b914964268bda09f
4355fb9bd2402d56933245b72519b091,40d071fdee3b145f9ce258a29f686ed9
431295dd831c879ea62ab94b9f7c2aec,4d8a78a2c30ff4e4b914964268bda09f
46dd80cd4f595d729e1020db1cbb1540,40bf02cd613c5a7693a5971b94428196
4dc1c6b60a1f3450bdcb53c12c3f35e4,46c0b208d71a3fe79d4bd1ad18b6a79d
4a98708d9f7efbf28b1477146a03078e,40bf02cd613c5a7693a5971b94428196
433fae887b65513db901e6fb1c4b3c52,40b87ce77cbf8bb1b772d8b36f5f6395
4da7b9eb43e20e359f6befa306fe539f,439a239ec4e6b7bda462ead9769c4739
4e8d0322ece69df1b1a233e7dd20d087,4c7361f24c047008b55e8b05025b9b23
44f4d8d7e403df1c8029fba2ceb0a605,4aa3e2961e695078a28ac25deef0cde1
4851b4e041f242d49f39fc81000711dc,40c7a93a26ce4648b0bafbf5650e98b8
4aadff77216b4ea494d6bd6adbc20153,4fe0104571c9b11ca41a1b30fbc42f28
4007e5abd8f307cf8a248f455e18f489,4fe0104571c9b11ca41a1b30fbc42f28
44e3600979e0a9ea92bf48c38e3f8c88,439a239ec4e6b7bda462ead9769c4739
42b7c2f0378dca5d8e6aadd2374b71e2,4fe0104571c9b11ca41a1b30fbc42f28
4eb482c5f176ff2fa2227ca90ebf580c,47d489e637e1c35ebff0a9eeaddc51fc
4c5a620c5002c04b87d664872c6a6f7e,4b7c7dd17b31845f8e618a79adc5eaef
479b66ea763b1c588355043121b95c1b,4fe0104571c9b11ca41a1b30fbc42f28
44de90a993bbf549ab200ee14652a2c9,478b82716a929401a937459d93cbd2c3
42bb1f6b8862f60a9abc63494425233a,409296f9db9fd47e88441d2145fd7a09
48503e570d5c188a9ff5818883a05bf4,47d489e637e1c35ebff0a9eeaddc51fc
43b7142e1e1679fbae8ae51e867a87bb,4b7c1c95f962a4eca773a080327eb7f2
47a4c56d9ad616a6bb143ab01518e071,48b2b5e0e38048de8dd9da03825a4d02
4db62c46a89a66fdbe0a36afafee5146,4c7361f24c047008b55e8b05025b9b23
4e14278a38831033b15f5013998abf35,4dd289e982f81b08acec0688affce79f
43f0a508bbc70a918e30b8154055e96d,439a239ec4e6b7bda462ead9769c4739
4ab05163f42750b0a6136f8fbcce772e,4fe0104571c9b11ca41a1b30fbc42f28
4a575c8c593b34e386e897264b1df44f,48b2b5e0e38048de8dd9da03825a4d02
4025dc9b3c4af2ac8931227ad8ee596d,4fe0104571c9b11ca41a1b30fbc42f28
4d5efe47b210aa88b95de10c2239df6a,48b2b5e0e38048de8dd9da03825a4d02
47e50a952e894f81bc5e26c35beb0833,4d8a78a2c30ff4e4b914964268bda09f
4571f7906654918ba4376b45750a2284,48b2b5e0e38048de8dd9da03825a4d02
44417ae60474a92eb63bd3ed1efd71d3,4454e78a9fc928f3a710c3285c29ccb4
4b3e2772d5a8293899ea9433cff908b1,47b8b2aa9c3243608c70e9436a069c74
4d16768a09c7f270bfcf986c22fad4c0,4fe0104571c9b11ca41a1b30fbc42f28
482c213d00a759b495ac585e5232818e,48b2b5e0e38048de8dd9da03825a4d02
49caaab4743d3a1cac3a5a14bc185643,4b7c1c95f962a4eca773a080327eb7f2
49a54a3f3af99d10a238e7045e197d26,4fe0104571c9b11ca41a1b30fbc42f28
4fb34d110c8034b1846683e3d38b05dc,40d071fdee3b145f9ce258a29f686ed9
429465ab0fdc84c6af8ab9c33dc745aa,4150ef05dddac6a3bc291e8a61e2fe77
4162e549aaddabaaa9ef28125709f324,40b87ce77cbf8bb1b772d8b36f5f6395
4e457e014dc40437a31178b94b61f475,40d071fdee3b145f9ce258a29f686ed9
4a2227e6612b1bacb5418ac54bdcc25b,4d881d56da051916848dc2ef2c5e2911
49263307c966fac2893fab956e65cb61,4fe0104571c9b11ca41a1b30fbc42f28
4ac957df64e45183b9ab8ed1699e2d5e,48b2b5e0e38048de8dd9da03825a4d02
49f6527d1693498e85ff241f1f409ce1,4ee00cb1dde63e8280dabffed4a0894f
40b3ee6fe322acbb9160513f023e9df5,48b2b5e0e38048de8dd9da03825a4d02
483df9445cd7b0de84d11180e3dacfbf,4b7c1c95f962a4eca773a080327eb7f2
4ddeeb004693b850ace4fb261fba4888,48568ab85db82e968d0215bb1027b387
40fea210eecab20aa6ce56d77f8ae8a6,4b7c7dd17b31845f8e618a79adc5eaef
4648e3b4e49b8d548316b8a0ff914d2e,4fe0104571c9b11ca41a1b30fbc42f28
41685fb8467088c48223ef6bc03f92ed,4c7361f24c047008b55e8b05025b9b23
47bca329ccd1104bb11081b9e1a69901,48b2b5e0e38048de8dd9da03825a4d02
406b7266459490fca26b52c2eccd6fb2,40d071fdee3b145f9ce258a29f686ed9
4efa90a2896ede0089c66f700b532407,4a6f5f16351179de84e1dfba6ffdfd84
4260246f5c757b61925551f57efb7450,47d489e637e1c35ebff0a9eeaddc51fc
4ce492704b67aaf18436d31483ac50cb,4aa3e2961e695078a28ac25deef0cde1
49ce084aed098d08a8efef72095f8750,4d8a78a2c30ff4e4b914964268bda09f
4d2108bd002a5ee68c764bd0dcbaff76,439a239ec4e6b7bda462ead9769c4739
4837145d47efdb3ea7d7a6a1c9077500,4a2571b815417b46860794b92ea890e1
4cbb18fcffecd4ee97e24f1e58d55827,4fe0104571c9b11ca41a1b30fbc42f28
45252338b157ad9cb421b9d73445d554,4b7c7dd17b31845f8e618a79adc5eaef
47e724a0e111a7b6ae7032e6628f1307,48b2b5e0e38048de8dd9da03825a4d02
4dafae958d3166da9316b6aeb2f6d008,46c0b208d71a3fe79d4bd1ad18b6a79d
4ec03b56566c9356a2bfa786cfcc274a,4e2d3cb456e810aeb403fc7dbab713be
4d56f75c2d735374b8b642447c56b27f,4fe0104571c9b11ca41a1b30fbc42f28
41ca0a3925d8c7df94fc35673aea8d64,4b7c7dd17b31845f8e618a79adc5eaef
49d1f3da8d0b46d0a128278a94231d8a,4d8a78a2c30ff4e4b914964268bda09f
45c8e4420d16440ea7273f1d826a5608,4fe0104571c9b11ca41a1b30fbc42f28
4eff3ce4cd91f926b8423eadab35bf1a,40c7a93a26ce4648b0bafbf5650e98b8
4fe902028f5d7e4fbef2d6742cb701f6,4a2571b815417b46860794b92ea890e1
4c26f0d2e01d2a54961a88840a661826,439a239ec4e6b7bda462ead9769c4739
418470f78f182f189bafaf8439771300,4fe0104571c9b11ca41a1b30fbc42f28
4e28fedb8472fd5f98b6c985089169ad,48b2b5e0e38048de8dd9da03825a4d02
4973b1b57159b8f8ab5d23d64817e5f8,4a6f5f16351179de84e1dfba6ffdfd84
4b88551533a92aa5984d12497f3db100,4fe0104571c9b11ca41a1b30fbc42f28
4371e624b2dbaf99b1d9994ec8b12ba7,49f2c825d3563da6898a3431936e3c83
4b8d43c87425f721a8159822c498ac18,4ebb9bc30f762fdf9edf6d482e1eed29
48dd08ffdacb8f04ad643fe7fbcf6575,4dd289e982f81b08acec0688affce79f
48faffcc789ec100bea3143a2858937b,45a5b1057e80abc293cbfe82092c915e
4ee488bd7004787da932ab0618153b1f,439a239ec4e6b7bda462ead9769c4739
4561bee55facb869aa57bb634c30b713,4150ef05dddac6a3bc291e8a61e2fe77
4508758b47d656c691ea3b8f2a0dad3d,4fe0104571c9b11ca41a1b30fbc42f28
44b1923274abfcab91580db1b2c86e48,4fe0104571c9b11ca41a1b30fbc42f28
4088a3c986ee69a9aed8d112bce702d0,48b2b5e0e38048de8dd9da03825a4d02
443d17eb1c67743f98d98d1650ed5fc2,4b7c7dd17b31845f8e618a79adc5eaef
4bb15b07bb5f4b7ab3bbb600d5edb36e,4fe0104571c9b11ca41a1b30fbc42f28
465094415dfeef11a6d758dfcb2e7968,4fe0104571c9b11ca41a1b30fbc42f28
4597c3c3138993ec9736c01d3eaa79a5,4d8a78a2c30ff4e4b914964268bda09f
4afee0b147fba4e6b43f92ab900ba77a,4a6cb2adcddb27a1b76e661557a6e71c
4354e1033eb5616183baa706ebab3482,4fe0104571c9b11ca41a1b30fbc42f28
46ddc68587f10e87b4baad014a081ad4,4fe0104571c9b11ca41a1b30fbc42f28
487c49a3ad31b08592887da0534c04ea,4d8a78a2c30ff4e4b914964268bda09f
4422efb202991402a474017f222ea355,48b2b5e0e38048de8dd9da03825a4d02
44debcc9f0ffe815872697b1e7904194,45a5b1057e80abc293cbfe82092c915e
497f22694a4ad44e95143d3f930e0f2a,4150ef05dddac6a3bc291e8a61e2fe77
46abf9369330f83284f44ab9e4cebe1f,41d6545db82167af9ce2528ed63fa468
47d4e6c9aa23992ba9f78daf0b7f6f67,41fb05fadcafbf56a824af28c7fe10d4
4c8247bd508bad3c9d4560b31ba4e445,409296f9db9fd47e88441d2145fd7a09
4b8a18fa7c9149c6b8eec5acfe994805,4d771ec463d492f0bded2a762434a843
4a88bd6edd8113cb8c00353d31d8a989,4fe0104571c9b11ca41a1b30fbc42f28
4a8dd9ddb278a63d832940e5b81151e5,439a239ec4e6b7bda462ead9769c4739
4c9800c5bd9cc2f1911491bec060e7e9,40c7a93a26ce4648b0bafbf5650e98b8
4e9ca1a4f7cd58938003b7b1b636fab7,47d489e637e1c35ebff0a9eeaddc51fc
4129b3ccc1ed0249b9355562db1ce0b1,4fe0104571c9b11ca41a1b30fbc42f28
4bbf4f6f340052b9af4942a99dbbee33,4fe0104571c9b11ca41a1b30fbc42f28
45e22ee747591f6e8e037c79ec54dc73,4b7c1c95f962a4eca773a080327eb7f2
41ba112ec52912fab9ce335300e7f4f4,4addacaa87fea319a694c2f627107c8f
4afee0b147fba4e6b43f92ab900ba77a,4a0460bcc182eea8864c3a6be070e7f6
4eb4ccf1432e245fb6e4161533e0057d,4fe0a798c6c45febaf42a2c982138538
4fd669546a46133b8dad054d4ad36b45,4c9520e39ddce949af705ca803099aa4
48d574140ca06abdb07cb74fba9fd894,4b7c1c95f962a4eca773a080327eb7f2
47e7613e9eb5693d8de63b231cc5aa3e,4a2571b815417b46860794b92ea890e1
43b8aa9774703baa946ae592e3a4b622,4feda6b3f61ee3c8bec730c1a808816a
4971035f44e3d976907a6f5a9e7bfdc8,47d489e637e1c35ebff0a9eeaddc51fc
445e16897cbb81078a6bc3e987c036e5,4dd2f0db003d24a7a965e0b37ce2cc11
496b6e8d8488d5abb431d41110c5eeb8,4d881d56da051916848dc2ef2c5e2911
42c3963fed026a8f8766e228b984505e,48b2b5e0e38048de8dd9da03825a4d02
420a891d116fd425b2f1f5a5742e0423,40c7a93a26ce4648b0bafbf5650e98b8
4e52ab878aa79390a3e169e067ff1ad3,4b7c1c95f962a4eca773a080327eb7f2
43cc67d3c87b83149996b555eaade17d,4c7361f24c047008b55e8b05025b9b23
4662fc77c037b7378ab3c3b85b473ea8,4fe0104571c9b11ca41a1b30fbc42f28
455a687dfa6f6a4d8b887ed6cdee690f,46f306668518c95096b73fbc76324047
4d5286dc29d8dd1bb9c04554a789bd83,47d489e637e1c35ebff0a9eeaddc51fc
43d847cfd1a2d8fa86f15fa1db8f4252,4fe0104571c9b11ca41a1b30fbc42f28
438142dc246a5671b9aaf81db7dc8a36,45dac7573024205d810b0ddd647f66db
449ff5d2548a84cc92ee1e841599d9df,4d0113acbf82460bb0776c255f13ca58
499fd4657eed2df4b9fe6ba4be62849d,48b2b5e0e38048de8dd9da03825a4d02
4d18011eb3ee7481b01feec6d3a2e559,4acd39d737c1e312adf359b78f6bb0b8
4d1eb502cc585a4583cbc1fc95ab1c36,4fe0104571c9b11ca41a1b30fbc42f28
4b686dd55dbc860aa08c42459f976ef4,439a239ec4e6b7bda462ead9769c4739
45cfe3bf81f2282b81afc0895116f3e1,4fe0104571c9b11ca41a1b30fbc42f28
48f34e2de6ea90db859bb48c117a839f,4fe0104571c9b11ca41a1b30fbc42f28
4da1ccbd68dfb1f4a6de2d464ebe9afe,4a6cb2adcddb27a1b76e661557a6e71c
4803cfaec7b53cfaaf3927e2aca4cd32,4b7c1c95f962a4eca773a080327eb7f2
4d256dc9ae45414b84f4154b4c85e403,40d071fdee3b145f9ce258a29f686ed9
47e0c315b7af6c50a265c8e934846925,4454e78a9fc928f3a710c3285c29ccb4
4a0977cebf2a7047a09db987c3d9e554,439a239ec4e6b7bda462ead9769c4739
4e39f0349f1f4bcb84f4f4ab5cda52d0,49ae040b4ad58039b1a6b44a5803cfd9
4151c0ff29a0a5d9912b4431d5e51848,48b2b5e0e38048de8dd9da03825a4d02
458db40134e940f19311f4f3bf55570b,4fe0104571c9b11ca41a1b30fbc42f28
41c16a06a7efe3aeba4f9b1956d04a7b,439a239ec4e6b7bda462ead9769c4739
4054116a535da0bc9d6e495bc0643809,4fe0104571c9b11ca41a1b30fbc42f28
40f44deccee04abc98c1f480a2ef81a0,439a239ec4e6b7bda462ead9769c4739
4c67f5b599f94e6bb1d15e846692339d,4c7361f24c047008b55e8b05025b9b23
4a92274cbcfa9f91b1fa9f5cd2d32b41,4b7c1c95f962a4eca773a080327eb7f2
4455c6512e5174bdb5db98654750f19a,41d6545db82167af9ce2528ed63fa468
4b4603789450b2578536003d68b4cbaf,4fe0104571c9b11ca41a1b30fbc42f28
4db3ff35f13c5b78a3fa97f522cd8038,4d8a78a2c30ff4e4b914964268bda09f
4273f62ac2313442b7662daad5db4c74,4b7c1c95f962a4eca773a080327eb7f2
46afbb1bb90c20e382a47e6b6377cf54,439a239ec4e6b7bda462ead9769c4739
46c423626736186485ca9b2301affdfa,48b2b5e0e38048de8dd9da03825a4d02
4cb4a1a0dd510ee7bc87a6de89ac4cec,439a239ec4e6b7bda462ead9769c4739
43eb2870e5603c90b469cece0b7451d0,42a0296b66000ed8a5953b302296baad
4aa25c059a1037e38816664ebe6a97b0,4a87925b32d4b6a795e3d7967d0c0359
45bfc8889b3482fe8688b81fb435bfda,4b7c7dd17b31845f8e618a79adc5eaef
41ccb74cae0ab07fba0171691f59c795,4fe0104571c9b11ca41a1b30fbc42f28
4ea573456c23e7a19f439f53af29bdf1,40c7a93a26ce4648b0bafbf5650e98b8
456ad9abcaa22b8ca7972e3826524af4,4b7c1c95f962a4eca773a080327eb7f2
45eb34042ceb2723a36d486ba3ac735e,439a239ec4e6b7bda462ead9769c4739
4f273b1ff9e02b0bb1a1adc8189d143e,4e4dbf77b67216598d5f20950f77849f
460b47915f2e50b78fa5ecf7fe96ff19,40d071fdee3b145f9ce258a29f686ed9
405c601a4ec1998b952ec84dade7bd71,42a0296b66000ed8a5953b302296baad
46c0789272a87fc18d3e83a1799ec246,4fe0104571c9b11ca41a1b30fbc42f28
486565e647ab958397418225f17bcee2,4fe0104571c9b11ca41a1b30fbc42f28
435f9eabeee6272c967d236acbb436e8,439a239ec4e6b7bda462ead9769c4739
4605c7ab3a9c416f9816abf75fe98347,48b2b5e0e38048de8dd9da03825a4d02
